ReviewSection,FindingID,Severity,Verdict,Description,Evidence,AcceptanceCriteria,DecisionCondition
"1. Scope compliance","SCOPE-1","PASS","COMPLIANT","Phase 3 delivered exactly the relationship/metadata layer: 10 passive MetadataModels, 26-kind vocabulary, identity/linking/dependency/traceability/authority/chain-link models, facade, 29 tests. No predicates, procedures, bindings, decisions, or exceptions authored.","catalog.ts (10 models); all models scope='constitutional-relationship-model'; RELATIONSHIPS_RUNTIME_PROHIBITED present; git status shows only backend/src/governance/ untracked","Confirmed by independent run: 89/89 governance tests green; no runtime import of governance; no runtime file modified.","none"
"2. Non-interference / zero-change","ZERO-1","PASS","COMPLIANT","No Phase 1/2/runtime file modified. No API/OpenAPI/schema/migration/seed/DB change. No commits/tags.","git status --short (only backend/src/governance/ untracked + pre-existing docs/ changes); grep: zero governance imports outside src/governance/","Re-run git status after review; governance tree remains the only backend delta.","none"
"3. Authority & provenance fidelity","MED-4","MEDIUM","CONDITIONAL","'records' relationship kind cites source 'object-model §2.2', but §2.2 has no 'records' row; the concept derives from enforcement-architecture §2 Decision Registry. T3-quality defect in the vocabulary's own provenance annotation.","relationship-kinds.ts:49; constitutional-object-model.md §2.2 tables","Correct the source annotation to enforcement-architecture §2 (Decision Registry) or state explicitly it is architecture-derived; re-run vocabulary test.","C5"
"4. Object-model §1 object kinds","MED-2","MEDIUM","CONDITIONAL","ConstitutionalObjectKind covers all 19 kinds, but CONSTITUTIONAL_ID_RULES covers only 12; ADR, Principle, Invariant, Lifecycle, Ownership, Traceability, Baseline have no identity anchors despite participating in registered kinds.","object-identity.ts CONSTITUTIONAL_ID_RULES (12); types.ts ConstitutionalObjectKind (19); relationship-kinds.ts proposes/realizes/owns/attaches-to/traverses/belongs-to ranges","Document the registry-anchored-only scoping, or extend id rules to the 7 omitted kinds (ADR at minimum); test updated to pin the chosen scope.","C3"
"5. Relationship vocabulary vs object-model §2.1-2.3","MED-1","MEDIUM","CONDITIONAL","'cites' validTo=['Evidence','Traceability'] in code, but object-relationship-report lists 'cites | object -> Document'; authority-resolution and decision-provenance composedOf use 'cites' for authority documents, which the range cannot express.","relationship-kinds.ts:52 (cites range); phase3-object-relationship-report.md (cites | object -> Document); authority-resolution.ts / decision-provenance.ts composedOf","Widen 'cites' (add Document object kind) or remove 'cites' from those models' composedOf; make report match code.","C2"
"5. Relationship vocabulary vs object-model §2.1-2.3","MED-5","MEDIUM","CONDITIONAL","'constrains' (object-model §2.2, Constraint->Rule) is not registered; only inverse 'constrained-by' exists. All other §2.2 pairs have both directions.","constitutional-object-model.md §2.2; relationship-kinds.ts (no 'constrains')","Either add 'constrains'/'is-constrained-by' or document the single-direction choice and pin it in a test.","C4"
"5. Relationship vocabulary vs object-model §2.1-2.3","LOW-3","LOW","CONDITIONAL","'belongs-to' validFrom limited to the 5 chain kinds; object-model §1 defines Baseline as all active objects (incl. exceptions, ADRs).","relationship-kinds.ts:37 (belongs-to range); constitutional-object-model.md §1 Baseline","Widen belongs-to or document the narrower scope against the source definition.","C4"
"6. Enforcement-chain dependency graph","HIGH-1","HIGH","CONDITIONAL","Edge directions are mixed: evaluates (Verification->Evidence) and requires (Gate->Verification) point opposite the chain order; reports draw uniform forward arrows and the Gate row mislabels 'produces' as incoming. Engine traversal contract undefined.","dependency-graph.ts ENFORCEMENT_CHAIN + DEPENDENCY_EDGE_KINDS; phase3-dependency-graph-report.md §1 table/diagram","Add explicit per-edge direction contract (or separate prerequisite vs enforcement-flow edge lists); correct report diagrams/tables; add direction assertions to tests.","C1"
"7. Traceability chain fidelity","LOW-2","LOW","CONDITIONAL","Backward chain Decision->Evidence->Constraint->Rule (T3) omits Verification/Gate; object-model §2.3 and §4 disagree on whether the trace passes through them. Phase 3 implemented the §2.3 form without recording the ambiguity.","traceability-graph.ts TRACEABILITY_CHAIN; constitutional-object-model.md §2.3 vs §4","Surface the ambiguity to the ADR board and record the chosen chain for the EC8 audit before the engine phase.","C5"
"8. Identity model completeness","MED-2","MEDIUM","CONDITIONAL","(Same as Section 4 finding.) Identity model quality is high; coverage is incomplete.","object-identity.ts","See MED-2 acceptance criteria.","C3"
"9. Layer architecture integrity","HIGH-2","HIGH","CONDITIONAL","Prohibition honored in fact (no Registry->Runtime edge; verified), but layer via-kinds violate vocabulary ranges: 'attaches-to' used from Specification (validFrom is Lifecycle/Ownership only), 'traverses' used from Relationship Model to Engine (validFrom Traceability only); MODEL-LINKING objectKinds omit its own endpoints. Tests never check composed-of range-compatibility with objectKinds.","linking-model.ts LAYER_ARCHITECTURE (via: attaches-to, traverses); relationship-kinds.ts attaches-to/traverses ranges; relationships.test.ts (no range-compat assertion)","Add range-compatibility test (composed-of kind ∩ model objectKinds non-empty on both sides); type layer edges with dedicated layer kinds or validate via against vocabulary; fix MODEL-LINKING objectKinds.","C2"
"10. Authority resolution (D1..D8)","AUTH-1","PASS","COMPLIANT","All 8 domains resolved once each, matching constitutional-enforcement-domains.csv. D3 body is a role set (4 disciplines) — per-artifact ownership must be resolved by the engine via R10 reconciliation.","authority-resolution.ts AUTHORITY_RESOLUTIONS (8); test asserts 8 unique D1..D8","No change required now; note for engine phase that D3 authority must resolve per artifact, not per domain.","none"
"11. Chain-link models (ownership/verification/gate/decision/exception)","LINK-1","PASS","COMPLIANT","OWN-1..4, VD-1..5, GD-1..4, DP-1..5, EL-1..5 faithfully encode P2/I4/G5, D4 independence, no-gate-on-breach, decision provenance, expiring exceptions; baselines preserved (R4 NotRegistered, R5 0 bindings, R6 0 decisions, R9 1 unrecorded precedent).","evidence-ownership.ts, verification-dependency.ts, gate-dependency.ts, decision-provenance.ts, exception-linkage.ts; cross-reference tests pass","No change required; verify rule strings remain declarative (not executable) when the engine phase begins.","none"
"12. State-machine alignment","STATE-1","PASS","COMPLIANT","Models align with constitutional-state-machine.md §5; no new states introduced. GD-2 × I11 debt flagged for engine phase.","gate-dependency.ts GD-2; exception-linkage.ts EL-2/EL-5; R8 catalog","No change required now.","none"
"13. Test-suite adequacy","MED-3","MEDIUM","CONDITIONAL","Tests verify internal consistency but never compare the vocabulary to its source of truth (object-model §2.1-2.3): no exact set/direction/range-equality against source tables; a dropped/added/reversed kind would pass silently.","relationships.test.ts (presence subset test only, no source-fixture equality); phase2 tests share the property","Encode source tables as a fixture and assert set + direction + validFrom/validTo equality; run in governance suite.","C4"
"13. Test-suite adequacy","TEST-1","PASS","COMPLIANT","Independent re-run: lint clean, build clean, 89/89 governance tests green; cross-reference baselines verified (R1..R11, 7 artifacts, EC1..EC10 NotRegistered, 5 gates/0 bindings, 0 decisions, 1 I11 precedent, 6 spec kinds).","Independent runs 2026-08-09","None; suite reproducible.","none"
"14. Risk register & deferred items","OBS-1","HIGH","CONDITIONAL","I11 SECURITY DEFINER bypass remains an unrecorded exception (EL-3 => standing violation by definition). I11 is rated Ready, so engine phase could be asked to verify I11 while I11 stands Violated. Dominant program risk; governance, not code.","exception.registry.ts KNOWN_PRECEDENTS (I11, Unrecorded); constitutional-enforcement-architecture.md §6.1 (I11 Ready); EL-3","Commit to a dated governance plan to record the I11 exception (R9) and resolve the P3-I11 conflict before binding any gate that gates the I11 verification (GD-2).","C6"
"15. Verdict & next-phase gating","DEC-1","CONDITIONAL","APPROVE WITH CONDITIONS","Phase 3 is faithful, well-typed, non-interfering, reproducible. No blocking defect; 6 conditions C1-C6 gate the engine phase.","Full review; matrix; risk register","Close C1-C5 (documented or fixed + re-verified) and commit C6 before any Phase 4 / enforcement-engine / predicate-authoring work.","C1-C6"
