ClaimID,ADR,Claim,SourceArtifact,SourceLocation,VerificationResult,FindingRef,Status
C-001,ADR-003,"P3 text: aggregate-level invariants (RULE 11, RULE 12) must be expressible in a single authoritative model, not scattered across policies and repository methods.","docs/architecture/adr/ADR-002-canonical-dataset-architecture.md","Section 3, P3 (line 71)",VERBATIM MATCH,None,VERIFIED
C-002,ADR-003,"I5 text: aggregate-level business invariants (RULE 11 terminal-state reachability; RULE 12 evidence DELETE four-factor matrix) are expressible in a single authoritative model and assertable by verification.","docs/architecture/adr/ADR-002-canonical-dataset-architecture.md","Section 5, I5 (line 118)",VERBATIM MATCH,None,VERIFIED
C-003,ADR-003,"I11 text: Schema, RLS, and data are distinct architectural concerns; no single construct may own more than one (RLS remains the sole access-control mechanism - never disabled, never bypassed).","docs/architecture/adr/ADR-002-canonical-dataset-architecture.md","Section 5, I11 (line 124)",VERBATIM MATCH,None,VERIFIED
C-004,ADR-003,"RULE 12 semantic home: DOMAIN_MODEL A02 (Condition) carries the RULE 12 evidence-DELETE four-factor matrix; A09 (Document) carries RULE 12 evidence residence.","docs/architecture/DOMAIN_MODEL.md","A02 (line 26/69); A09 (line 33/118)",MATCH,None,VERIFIED
C-005,ADR-003,"RULE 12 crosses A01/A02/A09/A18 (V4).","docs/architecture/DOMAIN_MODEL.md","V4 (line 353)",VERBATIM MATCH,None,VERIFIED
C-006,ADR-003,"V8 records the P3 vs I11 conflict as out of scope for DOMAIN_MODEL and requiring ADR machinery; aggregate home now provided.","docs/architecture/DOMAIN_MODEL.md","V8 (line 357)",VERBATIM MATCH,None,VERIFIED
C-007,ADR-003,"R9 precedent PRECEDENT-I11-SECURITY-DEFINER: targetElement I11, authority 'Unrecorded - pending ADR review', scope 'registration only', expiry 'Not defined', status 'Unrecorded'; EXCEPTIONS empty.","backend/src/governance/registries/exception.registry.ts","KNOWN_PRECEDENTS (lines 24-34); EXCEPTIONS (line 37)",MATCH (per evidence register C6EV-01/02),None,VERIFIED
C-008,ADR-003,"Executable surface = 30 SECURITY DEFINER functions = 28 live (13 system + 4 security + 6 committee + 5 documents) + 2 migration-only; recorded scope covers 1 (fn_register_user, C6-015); uncovered live surface = 27.","docs/architecture/adr/C6-security-definer-final-audit.md; C6-security-definer-inventory.csv","Audit section 1.2/3; inventory rows C6-001..C6-030",MATCH (13+4+6+5=28),None,VERIFIED
C-009,ADR-003,"Every live SECURITY DEFINER function bypasses RLS on protected data.","docs/architecture/adr/C6-security-definer-final-audit.md","Section 3 (line 66)",IMPRECISE - audit section 2 Q1 states fn_current_user_id (C6-005) reads only the app.user_id GUC and is 'unnecessary hygiene, NOT an RLS bypass'",A3-01,NEEDS CORRECTION
C-010,ADR-003,"Migration-only C6-029/C6-030 (fn_encrypt/fn_decrypt) are transitional migration-002 artifacts, proposed excluded from the live exception scope.","backend/migrations/002_encryption.js; C6-security-definer-inventory.csv","Inventory rows C6-029/C6-030",MATCH,None,VERIFIED
C-011,ADR-003,"I11 state transition path: Violated -> Suspended (transition 10) for exception scope/expiry; -> Active (transition 12) on expiry; Violated/Suspended may not bind a gate (state-machine rule 2; GD-2).","docs/constitutional-state-machine.md; backend/src/governance/relationships/gate-dependency.ts","Transitions 10 (line 42), 12 (line 44); rule 2 (line 100); GD-2",MATCH,None,VERIFIED
C-012,ADR-003,"Exception mechanism: Decision may grant Exception; Exception suspends Rule; unrecorded exception = violation regardless of intent.","docs/constitutional-object-model.md","Section 2.2 (lines 96-97); section 3 rule 6 (line 119)",MATCH,None,VERIFIED
C-013,ADR-003,"C6-D + C6-C satisfies C6's two required parts (record exception + resolve P3-I11 conflict); NOT sufficient to bind the I11 gate (GD-2).","docs/architecture/adr/C6-security-definer-final-audit.md","Section 5 (lines 87-90)",MATCH,None,VERIFIED
C-014,ADR-003,"Options C6-A..C6-E match the option matrix; proposed direction is C6-D+C6-C.","docs/architecture/adr/ADR-BOARD-C6-PQ1-OPTION-MATRIX.csv","Rows C6-A..C6-E",MATCH,None,VERIFIED
C-015,ADR-003,"Prior package enumerated system.fn_auto_transition as part of the surface (over-count); final audit inventory excludes it (dropped; not canonical).","ADR-BOARD-C6-PQ1-DECISION-PACKAGE.md line 171; ADR-BOARD-C6-PQ1-EVIDENCE-REGISTER.csv C6EV-10; archive/sql-history/39-drop-auto-transition.sql; docs/architecture/Workflow-Implementation-Contract.md line 189; backend/schema_only_dump.sql:213",Package line 171; drop script; WIC line 189",DIVERGENT - fn_auto_transition IS SECURITY DEFINER in 5 of the 6 counted schema dumps but was dropped and is not in canonical extraction; final audit (authoritative) excludes it",A3-03,NEEDS RECONCILIATION
C-016,ADR-003,"Precedence/conflict-resolution record required before Phase 4 (PREC-02); ADR section 12(5) defers recording wording to 'later enforcement work'.","docs/architecture/adr/ADR-BOARD-C6-PQ1-PHASE4-PRECONDITIONS.csv; ADR-003 section 12",PREC-02; ADR-003 section 12 item 5",ANCHORING CLARIFICATION NEEDED - precedence statement is stated in ADR-003 section 5(1); section 12(5) wording should anchor to it",A3-02,NEEDS CORRECTION
C-017,ADR-004,"Authoritative EC8 audit chain source: object-model section 2.3 line 107: Traceability | traverses | Relationship | Decision -> Evidence -> Constraint -> Rule (T3; EC8).","docs/constitutional-object-model.md","Line 107",VERBATIM MATCH,None,VERIFIED
C-018,ADR-004,"Enforcement-architecture section 2/3 defines Traceability as 'the backward chain decision -> evidence -> constraint -> rule'.","docs/constitutional-enforcement-architecture.md","Line 76",VERBATIM MATCH,None,VERIFIED
C-019,ADR-004,"TRACEABILITY_CHAIN = ['Decision','Evidence','Constraint','Rule']; asserted at relationships.test.ts:384.","backend/src/governance/relationships/traceability-graph.ts; backend/src/governance/relationships/__tests__/relationships.test.ts","Lines 26-31; line 384",MATCH,None,VERIFIED
C-020,ADR-004,"Phase 3 recorded Candidate A and surfaced the section 2.3 vs section 4 ambiguity as PQ-1 (LOW-2).","docs/architecture/registry/phase3-review-decision.md; phase3-dependency-graph-report.md section 3; phase3-traceability-report.md section 6","C5 (line 35); report section 3/6; ADR-INDEX PQ-1",MATCH,None,VERIFIED
C-021,ADR-004,"PQ1-EC8-final-confirmation.md confirms the traceability-chain Candidate A.","docs/architecture/adr/PQ1-EC8-final-confirmation.md","Lines 1-42",MISCITATION - that document decides a DIFFERENT EC-8 question (Document aggregate subscriber endpoint, its own Candidate A/B) and cites non-existent 'domain-model/object-model.md' (no domain-model/ directory exists); it does not support the traceability-chain selection",A4-01,NEEDS CORRECTION
C-022,ADR-004,"Chain edges are 'records, examines, constrained-by' (backward), all in range.","backend/src/governance/relationships/relationship-kinds.ts","records (line 50, validTo Verification/Gate); examines (line 43, forward); constrained-by (line 34, forward); traverses (line 61)",IMPRECISE - records cannot connect Decision->Evidence; Evidence->Constraint and Constraint->Rule traverse backward via inverse pairs (is-examined-by, constrains); the Decision->Evidence hop is established via the recorded provenance projection (records/produces through Verification/Gate)",A4-02,NEEDS CORRECTION
C-023,ADR-004,"Vocabulary is a 27-kind range; Candidate A edges are in range and respect DEPENDENCY_EDGE_DIRECTIONS.","backend/src/governance/relationships/relationship-kinds.ts; dependency-graph.ts; relationships.test.ts lines 366-375","RELATIONSHIP_KINDS (27 entries); DEPENDENCY_EDGE_DIRECTIONS",MATCH - 27 kinds post-C4 (the '26 kinds' figure in phase3-architectural-review-matrix predates C4's constrains addition),None,VERIFIED
C-024,ADR-004,"Candidate B (full chain) requires amendment of object-model section 2.3 and enforcement-architecture section 2/3; Candidate A requires none.","docs/constitutional-object-model.md; docs/constitutional-enforcement-architecture.md; ADR-BOARD-C6-PQ1-DECISION-PACKAGE.md section 9","Section 2.3/2/3; package comparison table",MATCH,None,VERIFIED
C-025,ADR-004,"EC8 two-referent distinction: document-level 6-chain exit criterion vs object-level audit chain; must be recorded separately.","docs/architecture-transition-plan.md line 327; docs/architecture-baseline-consolidation-review.md section 5; docs/architecture-enforcement-model.md G3/EC8","As cited",MATCH,None,VERIFIED
C-026,Both,"Neither ADR authorizes Phase 4; acceptance alone is insufficient (ADR-003 section 11; ADR-004 section 8).","ADR-003-I11-SECURITY-DEFINER-GOVERNANCE.md; ADR-004-EC8-AUDIT-CHAIN.md","ADR-003 section 11; ADR-004 section 8",MATCH,None,VERIFIED
C-027,Both,"Both ADRs are DRAFT-ONLY: no source/SQL/DB/seed/registry/spec/relationship/API/ADR-INDEX/commit change.","Working tree; submission constraint; ADR-003 header; ADR-004 header","ADR-003 'Constraints honored'; ADR-004 'Constraints honored'",MATCH - deltas are documentation artifacts only,None,VERIFIED
C-028,Both,"ADR-INDEX section 1 lists only ADR-001/ADR-002; ADR-003+ reserved; PQ-1/PQ-2 OPEN.","docs/architecture/adr/ADR-INDEX.md","Section 1 (line 13); section 3 (lines 50-51)",MATCH,None,VERIFIED
C-029,Both,"Numbers ADR-003/ADR-004 are reserved in the reconciliation map (RC4 ADR-01 -> ADR-003; RC4 ADR-02 -> ADR-004; reservations through ADR-017).","docs/architecture/adr/ADR-INDEX.md","Section 2.1 (lines 23-30); section 2.2 (lines 36-42)",COLLISION - the proposed ADR-003/ADR-004 collide with these reservations; ADR-001 section 2.1(3) 'number never reused'; Governance Freeze EC10 'no informal-ADR numbering collision'",J-01,BLOCKS REGISTRATION
